Year;Month;Day;Hour;Minute;Temperature daily mean;Relative humidity daily mean;Mean Sea Level Pressure daily mean;Total Precipitation daily sum;Snowfall amount daily sum;Total cloud cover daily mean;Shortwave Radiation daily sum;Wind speed daily mean;Wind direction daily mean;Temperature daily max;Temperature daily min;Relative humidity daily max;Relative humidity daily min;Mean Sea Level Pressure daily max;Mean Sea Level Pressure daily min;Total cloud cover daily max;Total cloud cover daily min;Wind speed daily max;Wind speed daily min
2016;01;01;00;00;6.88;84.88;1025.84;0.00;0.00;78.28;1720.37;11.96;171.78;8.60;5.58;97.00;75.00;1029.60;1019.20;100.00;0.00;19.81;4.68
2016;01;02;00;00;5.76;86.71;1015.26;6.30;0.00;85.62;430.76;14.58;154.79;8.15;3.84;94.00;75.00;1018.20;1013.60;100.00;0.00;22.48;6.38
2016;01;03;00;00;6.70;71.88;1009.49;0.70;0.00;83.21;1505.88;14.85;223.16;9.71;4.22;84.00;56.00;1014.40;998.90;100.00;13.00;19.39;5.60
2016;01;04;00;00;6.63;76.50;995.54;12.50;0.00;67.21;1683.88;22.79;236.34;8.43;4.40;84.00;67.00;997.80;993.70;100.00;0.00;30.01;12.89
2016;01;05;00;00;5.82;78.33;996.87;5.20;0.00;66.71;1456.04;14.31;209.92;8.75;2.88;95.00;65.00;999.60;994.40;100.00;0.00;24.40;6.92
2016;01;06;00;00;5.61;77.42;1000.65;0.70;0.00;66.88;1496.98;11.85;215.72;8.89;2.35;87.00;61.00;1003.60;999.30;100.00;0.00;18.21;5.00
2016;01;07;00;00;5.30;83.88;1001.44;7.50;0.00;75.16;446.78;17.62;202.09;9.89;1.96;90.00;74.00;1005.60;994.00;100.00;0.00;34.71;7.15
2016;01;08;00;00;6.95;82.42;1007.33;1.70;0.00;90.62;1683.88;13.71;183.27;10.99;4.10;93.00;57.00;1010.60;1003.80;100.00;10.00;23.89;2.04
2016;01;09;00;00;8.53;88.54;1003.79;7.10;0.00;80.96;1193.49;6.75;189.64;12.18;6.85;97.00;74.00;1006.70;1001.70;100.00;0.00;15.07;1.44
2016;01;10;00;00;8.16;77.00;999.18;4.10;0.00;74.33;1035.07;17.80;221.65;9.87;5.92;93.00;61.00;1001.50;995.30;100.00;0.00;33.63;6.52
2016;01;11;00;00;7.03;80.29;994.45;15.30;0.00;79.29;1393.74;21.06;217.06;9.48;4.99;95.00;65.00;999.30;991.70;100.00;0.00;35.23;3.96
2016;01;12;00;00;5.60;76.38;1001.49;3.80;0.00;33.96;1949.10;34.75;252.46;7.43;4.06;82.00;71.00;1008.70;995.90;100.00;0.00;48.20;24.38
2016;01;13;00;00;3.08;78.42;1016.81;0.20;0.28;72.08;1377.72;34.72;255.48;4.61;1.69;83.00;74.00;1021.70;1009.60;100.00;5.00;49.36;12.31
2016;01;14;00;00;1.24;82.25;1012.78;2.10;0.63;49.08;1060.88;16.81;182.92;5.01;-1.65;93.00;54.00;1020.60;1007.90;100.00;0.00;32.86;7.10
2016;01;15;00;00;1.65;79.96;1013.17;3.60;0.21;74.25;1505.88;40.53;268.79;4.02;-0.03;92.00;62.00;1015.70;1011.10;100.00;0.00;53.00;33.81
2016;01;16;00;00;1.23;82.17;1022.27;0.90;0.70;86.83;1207.73;21.68;300.99;3.31;-0.81;93.00;62.00;1025.50;1016.10;100.00;16.00;37.17;12.52
2016;01;17;00;00;-0.17;75.67;1025.57;1.30;0.98;42.33;1421.33;22.96;291.22;2.09;-2.57;95.00;52.00;1027.50;1023.40;100.00;0.00;36.46;5.15
2016;01;18;00;00;-1.69;69.71;1020.17;0.00;0.00;50.31;2136.89;17.39;119.73;1.82;-4.89;84.00;50.00;1027.20;1014.20;100.00;0.00;31.35;12.40
2016;01;19;00;00;2.48;82.79;1014.49;3.10;0.98;100.00;1545.93;9.33;134.58;5.96;-0.19;93.00;68.00;1015.60;1013.10;100.00;100.00;16.92;0.00
2016;01;20;00;00;2.65;85.83;1018.37;1.00;0.00;71.50;1982.03;7.00;313.94;3.95;0.68;96.00;74.00;1022.80;1015.40;100.00;1.00;16.17;0.51
2016;01;21;00;00;0.94;79.50;1025.12;0.00;0.00;39.67;2224.11;4.95;112.24;4.47;-1.11;96.00;57.00;1027.90;1022.50;100.00;0.00;10.83;0.00
2016;01;22;00;00;1.66;76.96;1028.76;0.10;0.00;29.79;2322.90;9.01;120.21;5.85;-1.86;87.00;56.00;1030.00;1027.50;100.00;0.00;13.85;4.02
2016;01;23;00;00;6.51;84.75;1033.86;5.80;0.00;51.66;2157.36;12.78;229.37;9.16;2.71;96.00;74.00;1037.90;1028.60;100.00;0.00;21.25;5.09
2016;01;24;00;00;5.14;78.04;1035.41;0.00;0.00;57.04;2276.62;7.34;123.61;10.35;0.39;98.00;65.00;1038.10;1033.40;100.00;5.00;14.90;1.80
2016;01;25;00;00;8.19;59.17;1030.53;0.00;0.00;0.29;2278.40;5.47;108.16;12.21;4.59;72.00;40.00;1033.50;1028.90;3.60;0.00;9.11;3.26
2016;01;26;00;00;9.04;69.38;1030.05;0.00;0.00;24.18;2299.76;5.86;126.95;12.72;6.06;88.00;42.00;1032.30;1027.90;100.00;0.00;9.50;1.30
2016;01;27;00;00;10.18;77.12;1025.99;0.00;0.00;70.24;2080.82;6.43;143.44;14.00;5.82;84.00;60.00;1028.70;1021.90;100.00;2.70;9.22;0.80
2016;01;28;00;00;10.94;76.12;1025.48;3.10;0.00;94.15;1129.41;9.72;221.30;13.23;9.08;97.00;54.00;1027.90;1021.50;100.00;16.50;22.91;1.30
2016;01;29;00;00;8.39;85.62;1031.50;1.90;0.00;48.38;2302.43;8.76;273.57;10.43;6.98;97.00;76.00;1033.90;1028.30;100.00;0.00;15.83;5.09
2016;01;30;00;00;8.05;71.25;1024.11;1.30;0.00;68.72;1826.28;18.52;226.67;12.26;4.40;84.00;52.00;1031.00;1016.50;100.00;0.30;40.55;3.67
2016;01;31;00;00;9.17;82.00;1017.18;11.20;0.00;99.04;1159.67;22.63;254.23;12.30;5.82;90.00;72.00;1019.30;1014.10;100.00;77.00;36.71;5.50
2016;02;01;00;00;11.58;75.29;1025.27;0.00;0.00;49.32;2508.91;25.17;259.72;13.44;9.88;83.00;65.00;1029.20;1017.90;100.00;2.10;35.45;14.83
2016;02;02;00;00;11.00;73.79;1023.61;0.00;0.00;83.21;2328.24;18.57;255.85;13.65;9.00;84.00;62.00;1028.20;1019.60;100.00;11.00;28.93;8.89
2016;02;03;00;00;5.51;78.38;1022.69;7.60;0.00;84.83;1045.75;20.35;272.43;10.58;2.85;85.00;66.00;1027.00;1020.10;100.00;0.00;31.29;9.18
2016;02;04;00;00;4.30;81.83;1028.12;1.00;0.00;91.54;1151.66;28.65;264.18;6.52;2.60;89.00;63.00;1031.80;1024.70;100.00;19.00;46.90;18.72
2016;02;05;00;00;8.55;82.25;1026.41;0.00;0.00;54.63;2516.03;11.79;226.56;12.53;5.03;91.00;62.00;1028.30;1023.20;100.00;0.00;28.45;1.08
2016;02;06;00;00;6.68;77.29;1017.00;0.00;0.00;24.23;2793.71;11.16;134.66;15.20;0.70;97.00;41.00;1023.30;1009.10;90.00;3.30;16.61;4.90
2016;02;07;00;00;4.37;85.17;1006.18;5.90;0.00;80.12;708.44;13.17;182.08;7.27;0.92;96.00;76.00;1011.30;1000.80;100.00;12.00;27.00;3.56
2016;02;08;00;00;7.45;67.58;1006.08;0.40;0.00;56.42;2857.79;31.55;224.95;12.41;2.83;80.00;56.00;1011.30;1001.50;100.00;0.00;47.97;8.12
2016;02;09;00;00;8.82;68.58;998.20;2.60;0.00;84.60;1711.47;35.41;236.33;11.72;4.14;83.00;57.00;1007.40;988.40;100.00;4.00;56.33;12.74
2016;02;10;00;00;3.16;75.29;999.65;0.90;0.00;67.92;2449.28;39.45;257.90;6.20;1.08;87.00;60.00;1005.70;994.40;100.00;0.00;53.10;27.32
2016;02;11;00;00;3.48;73.17;1007.20;0.10;0.00;44.88;2894.28;15.38;233.42;7.11;0.25;93.00;54.00;1008.30;1005.40;100.00;0.00;29.02;2.60
2016;02;12;00;00;4.08;74.25;1002.39;3.20;0.14;69.67;2190.29;10.22;177.14;7.74;0.40;92.00;51.00;1009.10;993.20;100.00;6.00;23.36;2.74
2016;02;13;00;00;6.27;77.38;992.17;1.90;0.00;83.50;1615.35;22.38;245.19;9.82;2.47;91.00;60.00;996.20;986.40;100.00;4.00;43.85;2.81
2016;02;14;00;00;6.18;78.25;991.12;5.40;0.00;82.25;1385.73;17.84;254.45;8.40;5.04;89.00;72.00;997.40;987.80;100.00;3.00;40.73;8.09
2016;02;15;00;00;3.63;81.04;1008.72;0.90;0.00;73.83;2482.21;15.96;301.93;5.18;1.98;95.00;67.00;1020.90;997.60;100.00;10.00;22.03;6.41
2016;02;16;00;00;3.63;75.88;1027.00;0.00;0.00;54.38;2984.17;18.36;76.82;7.74;0.77;96.00;55.00;1028.90;1021.60;100.00;0.00;25.96;9.83
2016;02;17;00;00;2.18;80.21;1020.57;0.00;0.00;73.21;2961.03;9.24;289.12;6.08;-1.32;96.00;62.00;1026.50;1015.30;100.00;0.00;14.49;5.86
2016;02;18;00;00;4.75;74.33;1016.46;0.00;0.00;46.00;3289.44;8.90;162.12;10.57;0.79;94.00;48.00;1018.30;1013.90;100.00;0.00;13.53;4.02
2016;02;19;00;00;4.51;77.25;1022.18;2.60;0.00;69.79;2521.37;13.08;264.94;6.26;2.65;93.00;57.00;1027.90;1016.20;100.00;6.00;24.28;1.14
2016;02;20;00;00;5.42;71.50;1024.85;1.20;0.00;79.67;722.68;25.12;232.31;9.87;1.45;76.00;63.00;1028.00;1021.80;100.00;0.00;39.63;11.09
2016;02;21;00;00;11.82;72.62;1022.57;0.10;0.00;73.83;2915.64;26.31;247.50;14.55;10.09;78.00;66.00;1023.70;1019.80;100.00;0.00;38.16;6.76
2016;02;22;00;00;11.57;73.62;1016.11;0.00;0.00;36.55;3521.73;16.77;265.92;15.22;8.71;86.00;60.00;1020.40;1013.00;100.00;0.00;27.72;5.69
2016;02;23;00;00;7.97;80.46;1014.70;11.10;0.00;69.53;1237.99;18.80;274.59;11.16;3.29;90.00;67.00;1020.10;1012.30;100.00;0.30;31.62;4.32
2016;02;24;00;00;3.80;79.21;1017.82;2.40;0.00;39.85;3341.06;9.43;145.59;8.74;-0.51;95.00;53.00;1021.70;1012.40;100.00;0.00;14.93;5.15
2016;02;25;00;00;3.38;85.08;1012.00;7.80;1.19;97.92;1932.19;13.07;124.60;5.50;1.98;94.00;69.00;1016.20;1009.10;100.00;70.00;22.33;3.32
2016;02;26;00;00;3.16;73.00;1011.67;0.00;0.00;46.88;3902.65;11.87;111.94;7.78;-0.36;100.00;49.00;1016.30;1006.40;100.00;2.70;22.07;0.51
2016;02;27;00;00;4.70;73.17;1003.42;0.00;0.00;54.79;3817.21;9.80;93.39;11.08;0.93;90.00;54.00;1006.10;1001.20;100.00;0.90;14.66;2.41
2016;02;28;00;00;4.20;84.92;1005.10;0.00;0.00;96.92;2924.54;10.81;316.69;9.45;-0.23;95.00;68.00;1008.20;1003.20;100.00;30.00;18.09;6.15
2016;02;29;00;00;2.70;90.96;1011.25;14.00;0.98;100.00;579.39;23.42;320.60;4.66;0.72;96.00;85.00;1019.00;1007.20;100.00;100.00;30.24;18.42
2016;03;01;00;00;3.59;73.71;1020.92;2.40;0.49;83.08;3728.21;18.11;287.08;7.65;0.35;95.00;45.00;1023.50;1016.90;100.00;0.90;28.84;9.18
2016;03;02;00;00;6.77;75.75;1007.20;7.80;0.00;82.25;1792.46;27.66;249.33;10.11;3.67;81.00;69.00;1015.50;1002.20;100.00;0.00;37.21;16.64
2016;03;03;00;00;3.65;82.00;1001.58;5.70;0.00;78.00;1527.24;24.54;272.46;5.35;1.70;89.00;73.00;1007.80;997.40;100.00;0.00;35.64;9.50
2016;03;04;00;00;4.13;74.62;999.20;3.20;0.00;79.73;1028.84;22.57;196.48;8.34;-0.15;95.00;58.00;1008.50;992.90;100.00;1.00;38.54;9.03
2016;03;05;00;00;5.40;74.67;994.00;6.70;0.00;82.92;1520.12;11.88;186.74;7.63;1.52;86.00;64.00;996.50;991.70;100.00;0.00;21.79;0.00
2016;03;06;00;00;2.68;80.83;1001.16;7.20;3.15;81.54;2783.92;24.09;250.59;5.25;-0.23;95.00;65.00;1005.30;996.20;100.00;7.00;42.96;3.55
2016;03;07;00;00;3.49;69.62;1003.81;1.80;0.70;80.96;2985.95;11.60;214.29;6.84;0.10;89.00;48.00;1006.30;1001.40;100.00;35.00;24.50;2.55
2016;03;08;00;00;2.94;77.17;1014.00;2.90;0.56;67.38;2730.52;9.48;281.69;5.57;0.29;91.00;62.00;1019.40;1006.50;100.00;0.00;18.21;2.41
2016;03;09;00;00;3.80;65.33;1010.82;0.00;0.00;23.47;4638.68;13.30;150.81;9.21;-1.01;86.00;41.00;1018.90;1004.30;100.00;0.00;25.08;5.40
2016;03;10;00;00;5.16;71.33;1014.90;0.00;0.00;20.88;4301.37;7.38;121.24;11.45;1.22;96.00;51.00;1020.60;1009.60;100.00;0.00;19.01;2.74
2016;03;11;00;00;4.96;78.62;1022.41;0.00;0.00;59.08;4007.67;8.40;190.57;11.40;0.74;95.00;47.00;1025.00;1020.60;100.00;0.00;18.85;0.00
2016;03;12;00;00;4.96;76.29;1026.10;0.00;0.00;51.67;3611.62;10.35;165.97;10.74;-0.22;96.00;54.00;1028.10;1024.20;100.00;0.00;21.46;1.80
2016;03;13;00;00;7.02;68.71;1025.88;0.00;0.00;36.08;4647.58;18.86;56.46;11.18;3.34;90.00;49.00;1027.30;1024.00;100.00;0.00;33.18;5.86
2016;03;14;00;00;6.35;66.12;1026.47;0.00;0.00;22.08;4815.79;15.87;82.47;11.78;2.62;81.00;49.00;1028.90;1023.90;100.00;0.00;23.44;9.83
2016;03;15;00;00;3.31;80.75;1024.31;1.90;1.33;74.22;3583.14;9.71;244.21;9.88;-0.97;96.00;59.00;1027.40;1020.70;100.00;0.00;24.59;1.08
2016;03;16;00;00;5.33;62.21;1019.52;0.00;0.00;4.62;4761.50;24.89;88.38;11.95;0.61;83.00;38.00;1022.20;1016.50;100.00;0.00;34.83;12.77
2016;03;17;00;00;5.35;75.54;1024.88;0.00;0.00;2.21;5006.25;7.32;216.07;11.11;-0.01;90.00;54.00;1027.50;1022.90;17.00;0.00;18.25;1.80
2016;03;18;00;00;8.12;72.58;1021.06;0.00;0.00;11.46;5032.95;6.36;230.88;13.90;2.64;93.00;51.00;1023.50;1018.00;100.00;0.00;12.66;2.60
2016;03;19;00;00;8.12;74.42;1018.93;0.00;0.00;0.12;5092.58;8.32;269.55;12.52;4.20;91.00;63.00;1020.00;1017.30;3.00;0.00;18.90;0.80
2016;03;20;00;00;6.61;82.21;1018.17;0.00;0.00;59.04;4447.33;8.58;272.43;11.66;3.62;95.00;60.00;1020.40;1015.70;100.00;0.00;16.26;1.02
2016;03;21;00;00;6.48;79.46;1017.58;0.00;0.00;77.42;3640.99;8.98;234.76;11.39;3.24;92.00;60.00;1019.10;1015.60;100.00;0.00;18.39;0.00
2016;03;22;00;00;6.64;73.71;1013.17;0.00;0.00;41.07;4566.59;7.26;174.59;12.35;1.53;96.00;46.00;1016.60;1008.90;100.00;0.00;20.39;0.36
2016;03;23;00;00;5.22;77.67;1010.07;1.10;0.00;60.08;3922.23;11.14;203.51;10.02;-0.18;95.00;63.00;1012.50;1008.20;100.00;0.00;25.41;1.61
2016;03;24;00;00;6.72;72.25;1015.59;0.00;0.00;53.30;4927.04;9.63;316.35;11.53;2.03;95.00;50.00;1017.50;1012.30;100.00;0.00;12.59;6.62
2016;03;25;00;00;8.31;74.42;1016.96;6.70;0.00;100.00;1528.13;15.20;244.89;10.06;6.42;83.00;69.00;1018.10;1016.00;100.00;100.00;25.72;5.40
2016;03;26;00;00;10.70;71.21;1017.83;1.00;0.00;30.31;5311.52;10.69;185.77;16.80;6.51;90.00;41.00;1020.30;1014.20;100.00;0.00;20.24;2.31
2016;03;27;00;00;9.34;66.83;1014.55;2.20;0.00;60.89;3135.47;11.66;213.66;12.50;4.14;92.00;52.00;1017.60;1010.80;100.00;0.00;24.61;1.61
2016;03;28;00;00;9.08;68.04;1009.74;0.00;0.00;43.75;3886.63;21.38;188.70;13.97;2.51;94.00;52.00;1014.60;1006.30;100.00;0.00;39.47;8.71
2016;03;29;00;00;10.73;64.75;1012.55;3.80;0.00;49.96;2974.38;18.66;259.69;14.55;6.85;91.00;53.00;1015.10;1008.70;100.00;0.00;32.05;1.44
2016;03;30;00;00;13.37;74.54;1011.93;7.70;0.00;89.33;3625.86;11.05;191.27;17.85;9.48;95.00;56.00;1014.40;1009.70;100.00;18.00;20.42;3.89
2016;03;31;00;00;14.44;66.75;1006.44;0.00;0.00;40.12;5371.15;14.86;126.07;22.98;5.10;96.00;41.00;1010.40;1001.30;100.00;2.00;23.68;6.79
2016;04;01;00;00;10.27;81.12;1011.67;0.00;0.00;52.94;3794.96;11.68;284.75;13.74;7.98;97.00;56.00;1017.50;1003.10;100.00;0.00;26.76;0.00
2016;04;02;00;00;13.12;74.88;1014.90;0.00;0.00;29.50;5374.71;11.23;103.81;20.91;5.89;91.00;54.00;1017.10;1012.40;100.00;0.00;18.67;5.00
2016;04;03;00;00;16.23;65.54;1012.02;0.00;0.00;98.79;4445.55;10.92;200.71;20.82;11.12;79.00;50.00;1015.30;1008.40;100.00;79.00;16.24;4.39
2016;04;04;00;00;14.95;68.83;1008.39;0.90;0.00;66.34;5095.25;7.08;212.42;17.87;11.91;79.00;59.00;1010.90;1005.90;100.00;1.50;12.56;2.04
2016;04;05;00;00;12.71;81.79;1007.98;5.20;0.00;79.58;3468.33;7.05;236.11;15.36;10.07;97.00;65.00;1010.60;1005.30;100.00;5.40;18.28;2.10
2016;04;06;00;00;11.89;77.46;1014.04;5.10;0.00;59.88;3966.73;11.25;275.24;15.47;8.59;97.00;60.00;1016.40;1011.70;100.00;0.00;18.84;4.68
2016;04;07;00;00;8.46;70.92;1013.70;1.30;0.00;87.50;3406.92;15.57;274.04;10.78;6.30;87.00;58.00;1015.60;1012.10;100.00;0.00;22.68;8.56
2016;04;08;00;00;8.07;73.79;1011.31;1.80;0.00;100.00;3064.27;6.09;209.46;11.26;5.27;89.00;56.00;1014.30;1007.90;100.00;100.00;10.37;1.08
2016;04;09;00;00;9.73;67.92;1007.46;0.00;0.00;91.58;4514.97;7.78;306.22;12.29;6.17;84.00;54.00;1009.10;1005.90;100.00;1.00;13.66;3.10
2016;04;10;00;00;11.36;63.00;1009.32;0.00;0.00;15.68;6375.07;9.76;134.55;16.89;5.74;76.00;45.00;1010.80;1008.00;100.00;0.90;16.75;2.97
2016;04;11;00;00;12.49;67.25;1010.33;0.10;0.00;7.67;6099.17;7.90;163.37;18.59;5.76;86.00;49.00;1011.70;1008.80;78.00;0.00;11.75;2.55
2016;04;12;00;00;13.95;63.96;1010.33;1.00;0.00;24.17;6234.45;7.95;150.00;19.25;8.97;81.00;40.00;1012.90;1007.20;100.00;0.00;16.42;0.80
2016;04;13;00;00;11.81;78.17;1008.76;7.30;0.00;91.62;2548.96;12.89;226.87;14.03;9.38;94.00;66.00;1011.40;1006.40;100.00;1.00;22.46;1.44
2016;04;14;00;00;11.66;70.25;1012.90;2.20;0.00;62.24;5225.19;10.92;212.89;16.27;7.57;89.00;49.00;1015.00;1011.00;100.00;4.80;18.06;2.10
2016;04;15;00;00;12.05;72.79;1009.16;2.60;0.00;93.17;3185.31;12.91;200.28;15.99;7.97;93.00;54.00;1011.80;1006.90;100.00;33.00;24.93;4.10
2016;04;16;00;00;13.86;72.21;1005.70;5.40;0.00;91.21;2936.11;14.13;189.81;17.83;10.17;94.00;49.00;1007.60;1003.00;100.00;22.00;27.80;2.28
2016;04;17;00;00;10.57;81.42;1007.94;7.90;0.00;96.33;2885.38;18.30;262.06;14.84;6.05;93.00;63.00;1015.10;1001.30;100.00;12.00;34.41;5.99
2016;04;18;00;00;7.65;83.62;1019.93;12.10;0.00;91.96;2645.97;11.66;291.68;9.86;6.09;94.00;67.00;1024.50;1015.70;100.00;0.00;23.22;1.08
2016;04;19;00;00;9.49;65.50;1026.07;0.00;0.00;0.00;6869.02;5.98;200.50;15.31;4.60;90.00;47.00;1027.80;1024.10;0.00;0.00;13.68;1.08
2016;04;20;00;00;11.41;67.46;1025.42;0.00;0.00;1.97;6968.70;12.70;106.56;18.94;3.84;92.00;44.00;1027.60;1023.00;25.00;0.00;22.42;3.32
2016;04;21;00;00;13.20;66.42;1021.60;0.00;0.00;46.01;6456.06;9.44;216.56;20.69;4.28;88.00;43.00;1024.80;1017.30;100.00;0.00;16.06;4.35
2016;04;22;00;00;14.94;74.50;1015.83;0.80;0.00;89.52;4005.00;10.49;284.63;17.49;11.31;94.00;65.00;1018.40;1012.10;100.00;4.50;16.62;4.68
2016;04;23;00;00;10.87;88.21;1009.85;8.20;0.00;100.00;2288.19;11.65;298.09;14.47;6.13;96.00;79.00;1014.30;1006.90;100.00;100.00;30.25;0.72
2016;04;24;00;00;5.37;71.38;1015.01;2.80;0.00;66.62;4720.56;13.42;302.71;9.63;0.86;92.00;43.00;1016.80;1012.90;100.00;0.00;19.20;5.04
2016;04;25;00;00;5.16;68.21;1014.65;2.60;0.14;77.92;4717.89;24.16;276.82;9.94;-0.60;89.00;44.00;1018.70;1008.30;100.00;10.00;38.77;11.77
2016;04;26;00;00;6.25;78.42;1006.15;6.30;0.00;96.12;3061.60;25.93;277.93;7.79;3.97;89.00;69.00;1007.80;1005.20;100.00;20.00;39.66;2.19
2016;04;27;00;00;4.61;68.75;1011.79;1.20;0.00;53.12;5956.77;25.89;261.81;8.08;1.34;89.00;49.00;1015.50;1006.80;100.00;0.00;40.19;14.28
2016;04;28;00;00;7.19;54.92;1015.29;0.10;0.00;34.46;5443.24;7.39;240.05;11.78;2.01;71.00;44.00;1017.00;1014.40;100.00;0.00;17.50;0.80
2016;04;29;00;00;10.19;59.25;1017.11;0.00;0.00;44.88;6144.56;3.28;233.45;14.90;4.53;76.00;48.00;1018.30;1015.50;100.00;0.00;5.63;0.36
2016;04;30;00;00;11.10;68.71;1014.85;5.90;0.00;60.62;4282.68;12.80;225.75;17.13;5.56;94.00;39.00;1017.40;1011.50;100.00;0.00;26.65;4.10
2016;05;01;00;00;8.09;87.79;1017.73;11.90;0.00;100.00;1989.15;17.16;259.66;12.41;4.87;95.00;76.00;1021.30;1014.80;100.00;100.00;23.73;3.76
2016;05;02;00;00;11.88;79.17;1021.04;0.10;0.00;69.00;6479.20;7.88;263.29;17.05;6.54;97.00;57.00;1022.70;1019.70;100.00;0.00;15.19;3.62
2016;05;03;00;00;12.23;71.00;1022.42;3.80;0.00;62.04;3291.22;10.23;275.66;15.15;9.39;80.00;60.00;1027.00;1020.40;100.00;0.00;20.67;2.55
2016;05;04;00;00;10.50;65.71;1026.53;0.00;0.00;2.33;7461.76;7.25;85.82;15.76;4.10;86.00;46.00;1028.80;1023.80;44.00;0.00;12.41;2.16
2016;05;05;00;00;12.03;59.17;1020.27;0.00;0.00;0.83;7645.99;17.11;102.64;19.64;2.34;82.00;39.00;1025.30;1015.20;20.00;0.00;27.78;3.08
2016;05;06;00;00;15.88;55.17;1015.24;0.00;0.00;0.68;7539.19;9.43;100.37;22.68;8.68;80.00;39.00;1018.10;1011.70;10.00;0.00;14.34;5.96
2016;05;07;00;00;17.14;58.50;1011.30;0.00;0.00;1.37;7490.24;6.30;146.55;22.78;11.38;88.00;35.00;1013.30;1008.90;10.00;0.00;9.75;1.44
2016;05;08;00;00;16.32;61.88;1010.21;0.00;0.00;1.93;7419.93;11.49;109.94;23.41;8.66;80.00;38.00;1012.50;1007.70;10.00;0.00;23.47;2.55
2016;05;09;00;00;16.57;67.04;1011.48;0.00;0.00;58.92;6284.29;7.44;106.65;22.73;9.76;84.00;52.00;1013.00;1009.90;100.00;0.00;14.04;1.61
2016;05;10;00;00;18.03;63.58;1009.20;0.10;0.00;46.77;6392.87;5.67;174.03;22.38;13.76;80.00;52.00;1010.40;1007.80;100.00;0.00;10.81;1.44
2016;05;11;00;00;15.03;79.42;1004.39;0.70;0.00;81.91;4196.35;5.30;183.17;19.92;11.05;94.00;70.00;1007.80;1000.30;100.00;12.00;12.56;0.00
2016;05;12;00;00;13.55;86.08;998.45;27.70;0.00;97.00;1938.42;12.65;240.50;16.23;12.19;96.00;70.00;1000.60;997.40;100.00;60.00;24.01;2.16
2016;05;13;00;00;13.72;86.29;999.77;21.00;0.00;100.00;1745.29;18.73;288.52;15.56;11.91;91.00;82.00;1003.70;997.60;100.00;100.00;25.56;5.45
2016;05;14;00;00;13.07;82.29;1008.46;7.20;0.00;92.04;2908.52;10.38;311.28;14.65;9.99;95.00;73.00;1015.30;1004.00;100.00;61.00;14.58;6.38
2016;05;15;00;00;8.84;68.08;1019.68;0.00;0.00;39.79;7495.58;11.81;326.84;12.33;5.23;85.00;51.00;1022.20;1016.00;100.00;0.00;14.39;5.60
2016;05;16;00;00;9.21;70.21;1020.63;5.80;0.00;85.92;3681.04;13.76;249.88;12.88;4.45;83.00;58.00;1023.30;1019.10;100.00;5.00;23.62;1.94
2016;05;17;00;00;11.89;72.50;1018.64;1.80;0.00;54.96;6471.19;7.62;223.64;16.58;6.76;92.00;50.00;1020.30;1016.60;100.00;0.00;13.72;0.51
2016;05;18;00;00;14.48;67.71;1012.04;4.80;0.00;59.06;6302.98;6.81;174.98;20.21;8.15;91.00;48.00;1017.40;1007.10;100.00;0.00;19.77;1.08
2016;05;19;00;00;11.51;75.92;1012.36;12.50;0.00;79.88;4923.48;16.79;268.61;13.33;9.02;92.00;63.00;1019.30;1007.90;100.00;10.00;23.31;4.69
2016;05;20;00;00;13.32;65.71;1019.92;0.00;0.00;23.58;7655.78;7.23;244.81;19.71;4.96;87.00;41.00;1021.20;1018.30;100.00;0.00;10.95;2.31
2016;05;21;00;00;18.29;66.79;1016.49;0.00;0.00;25.64;7682.48;6.05;106.18;24.32;11.72;87.00;49.00;1019.40;1013.00;100.00;3.30;10.95;3.22
2016;05;22;00;00;18.83;66.75;1009.85;3.60;0.00;30.17;6743.53;11.19;168.82;26.26;12.74;90.00;46.00;1013.40;1006.20;100.00;0.60;28.61;1.94
2016;05;23;00;00;10.62;83.96;1013.07;21.70;0.00;100.00;2251.70;21.54;260.54;13.76;9.20;92.00;70.00;1014.70;1011.00;100.00;100.00;25.98;15.27
2016;05;24;00;00;11.68;79.67;1014.15;2.40;0.00;82.50;5277.70;15.91;298.41;15.86;8.68;90.00;62.00;1015.10;1012.60;100.00;0.00;21.92;6.13
2016;05;25;00;00;15.17;71.46;1012.21;0.00;0.00;51.62;7857.81;5.95;168.00;21.07;8.57;96.00;50.00;1013.60;1011.00;100.00;0.00;14.04;1.80
2016;05;26;00;00;19.34;65.04;1012.79;0.00;0.00;18.45;7807.08;4.69;120.51;24.15;13.06;84.00;48.00;1013.70;1011.60;100.00;0.00;8.35;2.28
2016;05;27;00;00;20.52;69.42;1012.58;0.00;0.00;35.84;7617.51;6.44;204.54;25.49;15.27;90.00;44.00;1013.40;1011.20;100.00;0.00;13.40;1.44
2016;05;28;00;00;19.95;76.54;1010.65;4.90;0.00;59.58;6286.07;7.52;167.94;25.20;15.12;96.00;56.00;1013.30;1007.00;100.00;0.00;22.15;0.80
2016;05;29;00;00;16.53;87.17;1004.99;13.70;0.00;81.11;2066.58;7.32;184.10;18.76;13.62;98.00;76.00;1006.60;1003.90;100.00;0.00;15.04;1.44
2016;05;30;00;00;16.25;76.58;1005.50;7.60;0.00;95.83;3289.44;17.60;243.23;18.92;14.20;90.00;62.00;1006.20;1005.00;100.00;56.00;24.29;9.42
2016;05;31;00;00;15.24;73.71;1008.05;6.10;0.00;93.96;3131.02;13.75;247.52;18.62;12.82;89.00;57.00;1011.90;1005.70;100.00;11.00;27.11;3.67
2016;06;01;00;00;16.15;72.83;1012.36;0.10;0.00;67.92;5857.09;4.96;226.70;19.91;12.06;89.00;59.00;1013.30;1011.30;100.00;0.00;12.57;0.51
2016;06;02;00;00;15.61;79.42;1009.22;6.60;0.00;94.17;4452.67;11.71;248.98;20.02;13.12;93.00;58.00;1011.70;1007.60;100.00;18.00;21.89;2.97
2016;06;03;00;00;14.91;87.54;1009.72;4.20;0.00;100.00;2786.59;7.15;191.24;16.64;12.76;95.00;78.00;1010.90;1008.80;100.00;100.00;12.02;3.89
2016;06;04;00;00;16.11;80.50;1011.20;0.60;0.00;82.92;5762.75;10.04;262.27;19.78;12.79;92.00;63.00;1013.30;1010.30;100.00;30.00;16.10;5.40
2016;06;05;00;00;16.45;82.62;1014.95;3.40;0.00;64.33;3759.36;4.52;238.16;19.25;13.31;98.00;70.00;1017.60;1013.40;100.00;2.00;7.99;0.80
2016;06;06;00;00;18.81;73.33;1017.33;0.70;0.00;27.76;6909.07;3.30;142.35;24.43;12.95;98.00;50.00;1018.00;1016.50;100.00;0.00;6.92;0.51
2016;06;07;00;00;19.65;70.83;1019.44;0.80;0.00;31.73;4599.52;5.17;222.63;23.90;15.63;80.00;59.00;1020.80;1017.90;100.00;0.00;11.17;0.51
2016;06;08;00;00;17.17;81.04;1018.85;8.90;0.00;76.88;3097.20;10.87;259.53;19.67;14.11;93.00;70.00;1021.10;1017.40;100.00;4.20;15.54;5.90
2016;06;09;00;00;17.49;75.00;1015.88;0.70;0.00;49.42;6280.73;7.41;204.01;20.93;13.47;96.00;52.00;1018.30;1014.10;100.00;0.00;14.00;2.97
2016;06;10;00;00;18.33;66.75;1010.72;0.00;0.00;30.26;7605.05;4.75;154.58;23.67;11.90;88.00;47.00;1014.20;1007.60;100.00;0.00;7.77;1.94
2016;06;11;00;00;17.85;72.83;1008.83;14.60;0.00;84.50;3519.95;11.07;256.37;19.66;15.22;92.00;61.00;1010.40;1007.60;100.00;4.00;18.13;3.42
2016;06;12;00;00;15.97;79.42;1009.78;4.70;0.00;94.79;2883.60;13.69;252.51;17.22;14.00;89.00;70.00;1011.00;1008.10;100.00;53.00;20.96;5.86
2016;06;13;00;00;14.99;85.42;1005.05;21.00;0.00;100.00;2597.02;11.08;233.31;17.04;13.20;94.00;69.00;1009.40;1003.10;100.00;100.00;24.40;3.60
2016;06;14;00;00;14.96;78.71;1001.69;3.80;0.00;92.54;5005.36;13.89;224.77;17.45;12.28;94.00;64.00;1003.30;999.70;100.00;14.00;34.11;2.81
2016;06;15;00;00;14.05;71.46;1001.68;2.20;0.00;67.25;4605.75;7.50;183.75;18.13;8.73;81.00;58.00;1003.30;999.90;100.00;0.00;12.98;0.72
2016;06;16;00;00;14.77;84.46;1000.77;7.00;0.00;96.58;4328.96;10.29;184.87;17.29;11.63;97.00;71.00;1003.20;997.30;100.00;39.00;24.03;1.44
2016;06;17;00;00;15.46;72.17;1008.51;5.30;0.00;63.54;5024.94;11.60;234.27;18.88;11.50;95.00;53.00;1013.80;1003.50;100.00;0.00;24.45;0.51
2016;06;18;00;00;14.86;75.50;1016.69;2.40;0.00;65.96;3689.94;7.79;211.48;16.77;12.14;88.00;69.00;1020.50;1014.40;100.00;2.40;15.12;0.72
2016;06;19;00;00;14.03;81.21;1021.64;4.60;0.00;60.33;4231.95;13.28;299.36;16.40;11.98;89.00;70.00;1023.40;1020.30;100.00;0.00;19.00;7.39
2016;06;20;00;00;15.92;73.25;1020.72;0.00;0.00;51.57;7527.62;4.53;217.45;22.26;9.43;97.00;52.00;1023.50;1017.80;100.00;0.00;13.85;0.36
2016;06;21;00;00;17.15;82.33;1020.20;2.00;0.00;91.75;2632.62;6.43;200.82;19.79;13.16;95.00;61.00;1022.10;1018.80;100.00;0.00;13.28;0.80
2016;06;22;00;00;22.09;75.50;1020.57;0.00;0.00;11.38;8154.18;7.59;89.78;28.97;13.72;96.00;54.00;1022.30;1018.60;100.00;0.00;14.59;1.30
2016;06;23;00;00;25.59;69.17;1017.33;0.00;0.00;0.00;8131.93;6.05;182.32;31.59;18.40;88.00;49.00;1019.70;1015.20;0.00;0.00;15.65;0.80
2016;06;24;00;00;26.12;65.12;1014.91;1.10;0.00;13.25;6690.13;8.83;261.26;30.96;21.73;89.00;45.00;1016.30;1013.30;82.00;0.00;22.55;1.30
2016;06;25;00;00;20.27;81.38;1013.54;3.50;0.00;87.04;4001.44;11.84;267.79;23.74;15.20;94.00;66.00;1017.30;1011.00;100.00;4.00;28.12;0.51
2016;06;26;00;00;16.20;71.54;1017.53;0.10;0.00;62.82;6026.19;10.93;294.62;21.03;11.55;92.00;51.00;1018.70;1016.20;100.00;0.00;16.62;5.35
2016;06;27;00;00;17.08;65.96;1019.23;0.00;0.00;10.02;7944.14;8.98;257.82;22.09;10.58;82.00;47.00;1020.10;1017.80;100.00;0.00;16.31;1.53
2016;06;28;00;00;18.61;72.42;1016.88;0.00;0.00;47.08;6522.81;7.01;255.83;23.10;13.03;85.00;59.00;1019.70;1014.10;100.00;0.00;13.66;1.08
2016;06;29;00;00;20.38;71.21;1013.34;0.10;0.00;25.84;6718.61;4.89;201.71;24.54;15.36;85.00;55.00;1015.00;1010.90;100.00;0.00;13.10;0.36
2016;06;30;00;00;19.85;75.46;1013.28;5.90;0.00;45.02;3671.25;4.76;209.83;21.34;17.62;84.00;69.00;1015.50;1011.30;100.00;0.00;7.41;1.14
2016;07;01;00;00;21.09;67.54;1014.96;2.40;0.00;44.21;6574.43;4.31;199.56;25.56;16.77;83.00;53.00;1016.00;1013.10;100.00;0.00;7.79;1.02
2016;07;02;00;00;19.01;73.75;1015.42;4.40;0.00;65.75;4247.97;11.90;251.10;20.55;15.71;85.00;64.00;1019.80;1012.90;100.00;0.00;23.47;1.84
2016;07;03;00;00;17.18;65.17;1019.63;0.00;0.00;63.71;6385.75;6.74;287.97;20.68;13.47;78.00;48.00;1020.10;1018.20;100.00;0.00;14.37;0.80
2016;07;04;00;00;19.14;69.00;1018.20;0.00;0.00;3.00;8004.66;5.40;214.34;24.69;12.81;88.00;53.00;1020.00;1016.20;10.00;0.00;11.99;1.53
2016;07;05;00;00;20.78;68.75;1015.97;0.00;0.00;14.08;7516.94;9.27;262.56;25.20;15.90;94.00;47.00;1017.00;1014.10;100.00;0.00;17.87;1.48
2016;07;06;00;00;19.56;64.25;1017.86;0.00;0.00;29.97;7448.41;9.11;304.30;23.50;15.59;80.00;48.00;1018.90;1016.70;100.00;0.00;16.98;4.33
2016;07;07;00;00;20.09;63.83;1017.92;0.00;0.00;24.03;8130.15;4.98;231.49;25.66;13.83;81.00;44.00;1019.00;1016.40;100.00;0.00;9.73;0.36
2016;07;08;00;00;22.64;64.38;1015.98;0.80;0.00;17.86;7749.23;9.75;227.91;28.50;15.98;89.00;46.00;1017.20;1014.50;100.00;0.00;19.59;1.44
2016;07;09;00;00;22.52;64.88;1017.78;0.50;0.00;4.12;7783.05;8.37;285.07;27.36;17.32;81.00;47.00;1019.00;1015.90;49.00;0.00;12.29;2.41
2016;07;10;00;00;24.82;64.04;1012.29;0.00;0.00;5.15;7938.80;6.82;185.44;31.44;16.61;90.00;41.00;1016.10;1009.30;100.00;0.00;13.66;1.80
2016;07;11;00;00;23.72;75.92;1010.86;5.30;0.00;57.38;4477.59;6.64;200.26;28.06;19.13;97.00;58.00;1012.80;1009.00;100.00;3.30;13.04;1.84
2016;07;12;00;00;18.79;88.67;1012.09;14.10;0.00;92.00;1187.26;5.64;232.85;20.44;15.99;95.00;79.00;1014.10;1009.70;100.00;2.00;12.64;1.08
2016;07;13;00;00;15.02;76.42;1014.73;4.10;0.00;92.67;4692.08;16.55;259.56;16.87;12.24;88.00;64.00;1018.20;1012.60;100.00;41.00;28.29;3.40
2016;07;14;00;00;12.77;78.17;1018.78;8.10;0.00;83.62;3287.66;13.86;282.33;14.33;10.85;87.00;68.00;1022.20;1016.60;100.00;0.00;18.29;5.76
2016;07;15;00;00;14.85;67.33;1023.71;0.10;0.00;49.29;7369.20;9.95;220.37;19.19;10.96;85.00;49.00;1024.80;1022.60;100.00;0.00;18.78;3.24
2016;07;16;00;00;16.92;64.25;1023.60;0.00;0.00;9.45;7829.33;5.59;95.51;23.06;9.93;88.00;43.00;1025.60;1021.80;100.00;0.00;10.50;2.31
2016;07;17;00;00;20.90;59.38;1020.15;0.00;0.00;4.17;7856.92;7.29;177.44;27.26;13.69;74.00;44.00;1022.50;1018.20;100.00;0.00;10.50;4.10
2016;07;18;00;00;23.10;66.71;1018.82;0.00;0.00;0.89;7781.27;5.65;203.07;28.77;17.65;86.00;46.00;1019.70;1017.50;8.70;0.00;13.68;0.51
2016;07;19;00;00;24.50;62.12;1017.32;0.00;0.00;0.40;7827.55;8.98;111.23;30.74;17.26;84.00;39.00;1019.40;1015.10;7.80;0.00;15.58;1.30
2016;07;20;00;00;26.23;60.21;1013.37;0.00;0.00;7.04;7815.09;9.08;119.35;33.10;18.46;83.00;37.00;1016.00;1010.50;100.00;0.00;11.98;4.90
2016;07;21;00;00;24.41;64.21;1012.65;3.20;0.00;39.17;5043.63;6.38;185.08;28.59;20.68;82.00;52.00;1014.60;1011.10;100.00;0.00;12.90;0.51
2016;07;22;00;00;21.58;79.17;1013.02;14.60;0.00;86.08;2808.84;9.00;182.61;25.40;18.78;94.00;62.00;1014.60;1011.20;100.00;9.90;18.92;3.62
2016;07;23;00;00;20.66;79.29;1014.65;1.00;0.00;87.08;4056.62;5.85;257.68;24.10;17.53;92.00;62.00;1017.30;1012.60;100.00;9.00;10.90;2.60
2016;07;24;00;00;20.66;76.04;1016.75;0.00;0.00;38.58;6194.40;6.56;309.74;24.55;17.13;90.00;60.00;1017.60;1014.60;100.00;0.00;12.78;2.41
2016;07;25;00;00;21.30;74.71;1017.02;1.00;0.00;49.29;4385.92;4.46;249.89;25.06;17.04;94.00;58.00;1017.60;1015.80;100.00;0.00;9.20;0.36
2016;07;26;00;00;21.64;74.83;1017.06;2.50;0.00;54.67;4545.23;3.39;222.70;27.01;17.68;94.00;49.00;1017.80;1016.40;100.00;1.00;7.41;0.00
2016;07;27;00;00;21.25;71.50;1015.79;0.50;0.00;65.34;4852.28;5.42;277.32;26.08;18.08;92.00;44.00;1017.20;1014.60;100.00;0.00;8.37;1.08
2016;07;28;00;00;20.50;67.67;1015.49;1.40;0.00;50.52;4985.78;7.39;242.84;23.46;16.81;78.00;55.00;1016.60;1013.90;100.00;0.30;14.44;2.41
2016;07;29;00;00;21.51;67.17;1013.78;0.10;0.00;21.25;6432.03;8.05;230.66;26.58;14.94;87.00;50.00;1015.90;1011.70;100.00;0.00;16.26;1.14
2016;07;30;00;00;23.90;63.62;1011.50;0.00;0.00;25.13;6683.90;6.35;176.46;29.22;17.88;82.00;45.00;1013.30;1009.50;100.00;0.00;11.53;2.74
2016;07;31;00;00;20.02;83.12;1012.12;17.50;0.00;84.21;1736.39;9.00;253.78;23.84;17.26;91.00;71.00;1016.20;1010.10;100.00;0.00;14.56;1.14
2016;08;01;00;00;18.65;71.21;1017.58;0.10;0.00;57.70;6581.55;4.85;237.70;23.48;13.84;96.00;45.00;1018.70;1016.60;100.00;0.00;8.40;0.80
2016;08;02;00;00;20.09;64.71;1016.84;0.00;0.00;37.65;5018.71;9.42;217.58;24.22;15.11;77.00;49.00;1018.00;1015.40;100.00;3.00;22.20;2.31
2016;08;03;00;00;22.37;59.17;1014.08;0.00;0.00;12.01;7237.48;9.02;218.18;27.42;16.63;77.00;37.00;1016.60;1012.20;74.00;0.00;19.83;1.80
2016;08;04;00;00;20.89;59.42;1011.65;20.00;0.00;39.57;5719.14;9.75;201.20;28.08;16.30;95.00;40.00;1013.30;1009.70;100.00;0.00;30.98;2.81
2016;08;05;00;00;16.48;80.96;1016.67;26.50;0.00;68.96;2896.95;13.65;276.48;18.55;14.77;95.00;66.00;1022.10;1012.10;100.00;0.00;21.44;6.13
2016;08;06;00;00;17.71;64.92;1023.62;0.00;0.00;8.05;6933.10;6.95;145.74;23.28;12.48;86.00;46.00;1026.40;1022.00;61.00;0.00;14.78;0.51
2016;08;07;00;00;19.79;65.46;1025.05;0.00;0.00;2.00;7137.80;4.32;82.36;25.59;13.50;84.00;49.00;1026.70;1022.80;10.00;0.00;7.42;1.08
2016;08;08;00;00;21.73;60.75;1020.24;0.00;0.00;16.12;6928.65;9.20;237.28;27.35;16.47;75.00;47.00;1023.20;1018.30;100.00;0.00;19.72;1.14
2016;08;09;00;00;17.78;71.00;1018.53;1.60;0.00;99.46;3740.67;12.51;304.78;20.32;14.96;79.00;59.00;1019.70;1017.60;100.00;87.00;28.82;3.26
2016;08;10;00;00;15.54;61.71;1019.16;0.10;0.00;56.25;6300.31;9.65;291.50;18.90;12.34;78.00;43.00;1021.40;1017.90;100.00;0.00;12.32;4.84
2016;08;11;00;00;15.26;59.50;1022.36;0.00;0.00;43.00;6628.72;5.80;263.32;20.36;9.99;81.00;40.00;1023.20;1021.40;100.00;0.00;10.83;0.36
2016;08;12;00;00;18.93;60.08;1023.43;1.40;0.00;58.33;4555.02;6.87;230.24;24.48;14.26;76.00;48.00;1025.20;1022.10;100.00;0.00;11.77;1.14
2016;08;13;00;00;21.87;62.92;1022.15;0.00;0.00;0.95;6901.06;4.91;155.31;27.91;15.32;86.00;42.00;1023.70;1020.70;8.70;0.00;9.23;0.00
2016;08;14;00;00;23.86;64.04;1019.90;0.00;0.00;2.12;6785.36;4.33;187.72;29.46;17.83;87.00;43.00;1021.50;1018.20;31.00;0.00;8.12;0.51
2016;08;15;00;00;23.47;64.04;1017.77;0.00;0.00;0.83;6664.32;3.33;131.60;28.52;17.80;88.00;42.00;1019.50;1015.90;10.00;0.00;8.59;0.00
2016;08;16;00;00;22.62;65.21;1014.18;0.00;0.00;2.08;6541.50;3.57;185.39;28.36;15.51;88.00;42.00;1016.70;1011.60;10.00;0.00;7.15;0.72
2016;08;17;00;00;22.76;63.92;1010.25;0.40;0.00;52.35;5771.65;3.30;120.32;27.53;17.30;88.00;42.00;1012.20;1008.50;100.00;0.00;8.40;0.00
2016;08;18;00;00;19.70;70.50;1009.31;5.10;0.00;56.10;2554.30;6.73;199.69;23.70;17.05;86.00;52.00;1011.10;1007.70;100.00;0.00;21.54;1.08
2016;08;19;00;00;21.07;67.50;1010.00;1.20;0.00;80.26;5236.76;4.29;157.64;25.49;16.59;87.00;51.00;1010.90;1008.70;100.00;1.20;7.65;1.80
2016;08;20;00;00;19.24;76.17;1013.40;1.90;0.00;75.90;2492.89;7.04;190.44;22.19;16.26;85.00;64.00;1017.60;1010.70;100.00;1.50;18.72;1.44
2016;08;21;00;00;17.47;62.08;1019.89;0.00;0.00;48.08;6145.45;13.72;248.15;21.45;13.93;87.00;40.00;1023.90;1017.70;100.00;0.00;23.14;4.61
2016;08;22;00;00;18.11;56.67;1025.66;0.00;0.00;0.00;6523.70;3.92;123.26;23.58;12.31;72.00;40.00;1027.20;1023.90;0.00;0.00;8.31;0.51
2016;08;23;00;00;20.92;61.83;1024.35;0.00;0.00;0.00;6456.06;12.73;111.29;28.77;12.51;81.00;42.00;1027.10;1021.70;0.00;0.00;19.16;7.90
2016;08;24;00;00;22.89;66.54;1019.98;0.00;0.00;0.00;6435.59;11.48;112.03;30.31;15.75;85.00;45.00;1022.30;1017.60;0.00;0.00;13.78;8.71
2016;08;25;00;00;24.12;66.00;1016.05;0.00;0.00;0.00;6372.40;7.48;155.10;32.12;15.92;88.00;40.00;1018.20;1013.80;0.00;0.00;13.61;1.30
2016;08;26;00;00;26.97;60.79;1015.40;0.00;0.00;0.00;6300.31;5.01;132.83;33.26;20.93;85.00;34.00;1016.40;1014.80;0.00;0.00;7.70;1.02
2016;08;27;00;00;27.08;58.38;1015.72;0.00;0.00;0.00;6192.62;6.34;128.55;32.85;21.41;76.00;36.00;1016.50;1014.60;0.00;0.00;11.87;3.76
2016;08;28;00;00;26.67;51.33;1015.30;0.00;0.00;7.68;6157.02;8.54;202.33;31.84;22.27;71.00;30.00;1016.40;1014.40;100.00;0.00;18.72;2.90
2016;08;29;00;00;22.24;59.71;1017.42;1.10;0.00;49.59;5261.68;11.60;266.39;25.16;19.50;77.00;43.00;1019.60;1015.60;100.00;0.00;19.64;5.48
2016;08;30;00;00;19.65;66.62;1019.50;0.00;0.00;12.12;6062.68;9.50;180.25;27.05;12.56;92.00;40.00;1020.90;1018.00;100.00;0.00;22.01;2.16
2016;08;31;00;00;20.95;67.33;1018.68;0.00;0.00;1.67;5945.20;4.65;214.59;28.06;13.66;92.00;42.00;1019.70;1017.50;10.00;0.00;9.11;1.02
2016;09;01;00;00;22.92;57.25;1020.19;0.00;0.00;5.29;5776.99;5.18;252.32;27.27;19.23;73.00;40.00;1021.40;1019.50;45.00;0.00;9.37;0.72
2016;09;02;00;00;22.36;55.62;1019.33;0.00;0.00;2.54;5973.68;3.08;200.99;27.78;16.59;76.00;36.00;1020.80;1017.70;24.00;0.00;5.40;0.72
2016;09;03;00;00;23.34;56.50;1017.42;0.00;0.00;56.83;4894.11;4.30;143.63;28.76;17.69;83.00;33.00;1019.00;1015.80;100.00;0.00;8.65;0.80
2016;09;04;00;00;21.65;56.17;1015.71;8.00;0.00;70.99;2621.05;9.65;204.75;27.88;16.24;86.00;37.00;1018.20;1013.20;100.00;0.00;19.97;0.80
2016;09;05;00;00;18.11;72.04;1019.45;3.30;0.00;54.44;4971.54;11.86;257.00;21.22;15.85;92.00;52.00;1023.10;1017.20;100.00;0.00;22.78;3.60
2016;09;06;00;00;18.28;66.04;1023.34;0.00;0.00;20.07;5327.54;7.22;117.10;24.03;13.61;78.00;50.00;1024.50;1021.90;100.00;0.00;14.59;1.94
2016;09;07;00;00;18.57;69.00;1018.31;0.00;0.00;20.32;5737.83;7.34;135.14;25.23;12.26;92.00;45.00;1021.80;1014.90;100.00;0.00;15.39;1.94
2016;09;08;00;00;21.89;62.75;1014.00;0.00;0.00;0.69;5642.60;7.25;183.35;28.76;15.98;88.00;38.00;1015.00;1012.60;6.60;0.00;12.66;0.72
2016;09;09;00;00;21.66;62.67;1015.91;0.00;0.00;4.48;5464.60;8.99;195.53;27.24;15.42;86.00;48.00;1017.70;1014.40;10.00;0.00;15.28;4.21
2016;09;10;00;00;22.52;64.46;1015.65;0.00;0.00;2.17;5434.34;2.83;129.49;27.48;17.52;84.00;45.00;1016.50;1014.60;10.00;0.00;6.57;0.51
2016;09;11;00;00;22.98;62.67;1016.68;0.00;0.00;10.45;5416.54;7.31;119.18;28.26;17.93;79.00;42.00;1017.90;1015.50;100.00;0.00;11.97;2.90
2016;09;12;00;00;22.95;64.58;1016.34;0.00;0.00;55.27;4830.03;7.71;160.67;29.59;16.24;84.00;41.00;1017.50;1015.10;100.00;4.50;10.59;1.44
2016;09;13;00;00;23.60;57.08;1014.25;0.00;0.00;0.00;5330.21;8.20;117.99;29.63;18.45;78.00;36.00;1016.70;1011.60;0.00;0.00;12.07;5.50
2016;09;14;00;00;22.51;63.58;1011.05;0.00;0.00;0.51;5293.72;7.32;113.50;28.78;17.43;86.00;42.00;1012.50;1009.00;4.20;0.00;12.64;2.28
2016;09;15;00;00;18.46;74.38;1011.50;0.40;0.00;66.08;2118.20;12.45;221.43;21.60;15.59;87.00;64.00;1014.70;1009.00;100.00;0.00;23.38;3.32
2016;09;16;00;00;18.17;64.21;1014.76;1.10;0.00;90.26;3552.88;7.11;194.12;21.43;16.27;85.00;43.00;1016.40;1013.00;100.00;1.20;22.26;1.53
2016;09;17;00;00;15.46;76.12;1015.11;0.20;0.00;75.46;3772.71;11.47;264.88;19.27;13.15;85.00;58.00;1016.40;1013.70;100.00;24.00;18.94;6.19
2016;09;18;00;00;13.77;89.21;1013.62;31.50;0.00;100.00;946.96;11.52;264.43;15.72;12.38;93.00;84.00;1016.00;1011.60;100.00;100.00;19.48;4.68
2016;09;19;00;00;15.44;79.75;1017.37;1.60;0.00;47.60;2937.89;8.90;281.03;17.65;13.35;94.00;62.00;1018.70;1014.90;100.00;0.00;12.31;0.80
2016;09;20;00;00;15.23;72.62;1016.76;0.00;0.00;90.92;3953.38;5.14;130.40;18.98;10.75;90.00;57.00;1018.60;1015.30;100.00;33.00;10.63;2.19
2016;09;21;00;00;14.45;66.08;1017.40;0.00;0.00;11.12;4489.16;4.77;101.17;19.55;9.48;82.00;47.00;1018.90;1016.60;100.00;0.00;9.51;1.02
2016;09;22;00;00;15.12;62.12;1020.52;0.00;0.00;8.10;4978.66;5.95;90.45;21.10;8.17;81.00;44.00;1021.70;1019.20;100.00;0.00;10.46;1.08
2016;09;23;00;00;17.17;62.17;1024.10;0.00;0.00;52.42;4440.21;4.45;240.75;22.24;12.13;82.00;43.00;1025.80;1021.50;100.00;0.00;10.08;0.72
2016;09;24;00;00;16.99;66.12;1023.99;0.00;0.00;0.10;4859.40;10.28;116.03;23.34;11.62;83.00;42.00;1026.40;1021.30;1.20;0.00;16.39;2.52
2016;09;25;00;00;18.22;63.21;1020.81;0.00;0.00;1.25;4645.80;5.60;143.58;24.19;13.23;80.00;44.00;1022.50;1018.60;10.00;0.00;8.71;0.36
2016;09;26;00;00;16.49;75.12;1022.33;0.10;0.00;35.79;4085.10;12.64;309.30;20.80;13.10;95.00;60.00;1024.00;1020.70;100.00;0.00;19.65;2.41
2016;09;27;00;00;16.82;74.92;1025.57;0.00;0.00;20.43;4199.02;4.79;200.64;20.81;12.79;93.00;56.00;1028.60;1022.70;100.00;0.00;8.71;1.14
2016;09;28;00;00;17.41;65.29;1029.31;0.00;0.00;11.60;4572.82;6.82;204.31;23.79;12.02;86.00;41.00;1031.10;1028.20;40.00;0.00;16.24;1.53
2016;09;29;00;00;19.46;57.62;1023.58;0.00;0.00;10.67;4487.38;8.35;183.22;25.98;14.67;75.00;40.00;1028.30;1018.90;68.00;0.00;17.87;1.14
2016;09;30;00;00;19.08;48.29;1016.62;0.00;0.00;22.08;4423.30;8.89;212.47;24.50;13.80;64.00;37.00;1018.90;1014.70;100.00;0.00;19.88;1.80
2016;10;01;00;00;17.21;72.12;1012.58;7.90;0.00;96.62;1493.42;7.44;203.23;20.04;14.70;84.00;56.00;1014.90;1011.60;100.00;30.00;14.40;1.48
2016;10;02;00;00;13.54;71.46;1018.12;1.90;0.00;50.62;3438.07;12.27;252.17;15.67;9.30;84.00;51.00;1024.20;1014.80;100.00;0.00;21.24;5.35
2016;10;03;00;00;13.18;60.17;1025.96;0.00;0.00;31.54;3908.88;7.27;236.83;17.06;9.17;73.00;44.00;1027.80;1023.40;100.00;0.00;11.52;4.83
2016;10;04;00;00;12.03;66.08;1028.04;0.00;0.00;0.29;4272.00;11.23;95.50;18.12;6.00;88.00;44.00;1029.60;1026.50;4.00;0.00;21.25;4.35
2016;10;05;00;00;10.28;57.38;1025.98;0.00;0.00;6.25;4368.12;14.92;85.63;14.75;5.63;80.00;36.00;1027.80;1024.20;41.00;0.00;27.40;1.80
2016;10;06;00;00;8.23;68.25;1019.38;0.00;0.00;21.44;4193.68;8.78;160.67;16.39;0.77;93.00;45.00;1023.40;1014.60;100.00;0.00;18.18;3.10
2016;10;07;00;00;10.09;72.25;1017.75;0.00;0.00;42.95;3907.99;5.65;113.03;15.77;4.99;91.00;55.00;1019.20;1016.30;100.00;0.00;16.38;0.72
2016;10;08;00;00;10.94;66.29;1021.02;0.10;0.00;72.62;3326.82;8.74;162.88;13.88;8.62;75.00;52.00;1024.30;1019.20;100.00;0.90;13.28;6.30
2016;10;09;00;00;9.00;76.79;1024.65;1.60;0.00;65.38;2686.02;7.17;258.85;11.34;6.28;91.00;61.00;1026.20;1023.70;100.00;2.00;15.68;1.14
2016;10;10;00;00;9.03;69.29;1023.98;0.00;0.00;67.58;3859.04;5.10;101.04;13.24;4.69;91.00;45.00;1027.10;1020.00;100.00;2.00;9.45;0.36
2016;10;11;00;00;8.53;62.58;1019.33;0.10;0.00;38.83;3212.90;6.17;127.58;12.58;4.79;82.00;43.00;1021.00;1017.00;100.00;0.00;9.59;1.94
2016;10;12;00;00;7.43;65.79;1017.77;0.00;0.00;2.95;3921.34;8.28;99.15;13.54;1.94;87.00;42.00;1020.10;1015.10;36.00;0.00;16.70;1.48
2016;10;13;00;00;8.03;68.17;1012.90;0.30;0.00;85.88;2060.35;9.72;119.93;13.43;3.83;80.00;47.00;1016.60;1009.20;100.00;5.00;14.69;4.38
2016;10;14;00;00;12.20;76.33;1007.17;5.40;0.00;79.17;1996.27;14.08;128.49;16.96;8.86;89.00;61.00;1010.50;1003.60;100.00;0.60;21.98;2.97
2016;10;15;00;00;13.59;67.88;1014.62;0.00;0.00;16.73;3608.06;6.12;194.45;17.91;9.82;84.00;44.00;1019.20;1007.20;100.00;0.00;11.88;1.08
2016;10;16;00;00;13.79;70.33;1021.41;0.00;0.00;42.46;3621.41;11.29;121.10;20.87;7.53;92.00;45.00;1023.50;1019.80;100.00;0.00;17.42;7.39
2016;10;17;00;00;15.25;70.46;1023.80;7.00;0.00;97.17;2073.70;8.68;213.53;19.11;12.39;90.00;55.00;1025.50;1022.40;100.00;73.00;14.26;3.10
2016;10;18;00;00;13.29;79.21;1025.15;2.10;0.00;83.67;2543.62;8.24;235.65;16.02;11.67;93.00;60.00;1026.90;1023.80;100.00;10.00;15.91;2.16
2016;10;19;00;00;11.34;69.96;1021.83;1.40;0.00;81.00;2852.45;14.90;263.32;13.25;8.89;84.00;59.00;1023.60;1019.60;100.00;0.00;21.96;8.50
2016;10;20;00;00;9.61;72.17;1018.58;1.40;0.00;74.42;2532.05;16.09;260.20;12.36;6.94;84.00;59.00;1020.30;1016.50;100.00;0.00;21.65;11.97
2016;10;21;00;00;9.25;75.62;1017.75;5.80;0.00;84.25;2171.60;15.54;268.21;11.21;6.61;87.00;62.00;1019.80;1016.30;100.00;0.00;21.32;9.03
2016;10;22;00;00;8.13;67.58;1017.40;0.00;0.00;40.50;3383.78;4.26;216.99;12.79;4.36;83.00;49.00;1019.90;1014.30;100.00;0.00;8.35;1.44
2016;10;23;00;00;9.19;74.83;1013.54;1.00;0.00;92.10;940.73;15.07;120.96;12.67;5.47;85.00;61.00;1015.40;1011.50;100.00;4.50;20.47;7.29
2016;10;24;00;00;14.11;73.25;1014.89;1.50;0.00;81.79;1819.16;15.40;131.67;20.66;6.93;96.00;53.00;1017.10;1012.60;100.00;18.00;24.68;5.35
2016;10;25;00;00;14.46;87.33;1023.00;10.20;0.00;97.08;1623.36;5.66;277.50;17.51;11.91;97.00;76.00;1026.50;1018.10;100.00;30.00;15.99;0.72
2016;10;26;00;00;12.33;86.50;1029.01;0.00;0.00;62.12;2333.58;5.92;317.05;15.71;9.34;97.00;68.00;1032.20;1026.20;100.00;0.00;11.30;0.72
2016;10;27;00;00;10.52;81.04;1035.26;0.00;0.00;44.94;2616.60;4.20;253.71;14.75;8.08;94.00;63.00;1037.90;1032.60;100.00;0.00;7.64;0.51
2016;10;28;00;00;10.46;74.58;1036.70;0.00;0.00;15.76;3122.12;4.92;220.29;15.52;6.34;93.00;52.00;1038.70;1035.00;44.00;0.00;10.23;1.48
2016;10;29;00;00;10.31;81.62;1035.15;0.00;0.00;21.17;2912.08;3.95;228.55;16.02;5.52;97.00;61.00;1038.20;1031.30;100.00;0.00;8.47;0.00
2016;10;30;00;00;9.13;80.42;1030.51;0.00;0.00;18.62;2963.70;4.09;202.27;14.84;4.79;95.00;62.00;1032.80;1027.80;100.00;0.00;8.89;1.14
2016;10;31;00;00;9.79;77.25;1028.22;0.00;0.00;24.14;2897.84;3.83;175.04;15.47;5.54;94.00;58.00;1029.80;1025.90;100.00;0.00;13.04;0.36
2016;11;01;00;00;11.13;71.21;1024.00;0.00;0.00;1.99;2903.18;7.67;165.91;17.34;6.33;83.00;46.00;1027.90;1019.90;6.90;0.00;14.19;0.00
2016;11;02;00;00;10.19;80.88;1021.50;0.10;0.00;71.96;1436.46;10.31;276.06;12.64;7.31;93.00;66.00;1023.00;1019.70;100.00;4.50;17.55;4.51
2016;11;03;00;00;6.17;75.71;1023.51;0.00;0.00;25.17;2876.48;5.23;179.51;10.83;2.45;97.00;50.00;1025.70;1021.40;100.00;0.00;9.18;1.94
2016;11;04;00;00;8.26;67.96;1016.40;0.30;0.00;53.76;2712.72;8.68;121.25;14.32;1.47;86.00;48.00;1021.50;1009.80;100.00;3.60;18.36;4.61
2016;11;05;00;00;11.99;79.12;1004.17;8.90;0.00;100.00;643.47;11.15;233.15;15.56;8.89;92.00;67.00;1009.50;998.80;100.00;100.00;25.28;3.40
2016;11;06;00;00;6.47;78.79;1004.27;2.50;0.00;81.33;1678.54;13.57;279.12;8.48;3.77;89.00;64.00;1006.50;1002.80;100.00;18.00;16.45;9.39
2016;11;07;00;00;3.65;74.83;1009.59;1.30;0.00;50.21;1236.21;10.79;233.37;5.98;0.94;87.00;57.00;1011.80;1006.50;100.00;0.00;16.58;5.80
2016;11;08;00;00;3.09;76.33;1011.75;0.40;0.07;64.33;1788.01;10.22;214.72;7.52;-0.57;89.00;54.00;1014.80;1010.40;100.00;0.00;17.02;1.61
2016;11;09;00;00;3.79;77.00;1007.03;4.80;0.00;70.08;477.93;22.12;208.47;7.76;0.24;91.00;58.00;1014.20;1002.20;100.00;0.00;39.83;7.65
2016;11;10;00;00;7.17;82.50;1010.74;7.00;0.00;87.42;1119.62;25.35;263.69;9.18;5.21;87.00;71.00;1012.60;1006.70;100.00;17.00;39.56;10.82
2016;11;11;00;00;6.33;80.25;1017.59;5.30;0.00;84.04;1375.94;24.38;287.06;8.21;4.73;86.00;70.00;1024.70;1010.90;100.00;0.00;31.85;15.95
2016;11;12;00;00;4.46;81.79;1025.76;0.60;0.00;57.60;2090.61;7.45;183.59;7.76;2.46;92.00;62.00;1028.10;1023.70;100.00;0.00;13.89;2.19
2016;11;13;00;00;6.07;70.96;1026.24;0.00;0.00;94.62;1787.12;10.49;105.97;10.47;1.53;89.00;52.00;1030.20;1024.10;100.00;32.00;15.99;4.90
2016;11;14;00;00;2.72;77.38;1034.57;0.00;0.00;16.05;2340.70;4.49;222.28;5.23;0.09;88.00;61.00;1038.30;1030.00;100.00;0.00;10.08;0.72
2016;11;15;00;00;5.39;63.33;1035.25;0.00;0.00;84.60;1660.74;4.98;200.73;9.33;1.30;80.00;43.00;1037.60;1032.40;100.00;5.10;11.66;2.52
2016;11;16;00;00;9.62;83.12;1028.28;3.60;0.00;100.00;1043.97;7.17;197.89;13.31;6.87;92.00;67.00;1033.60;1023.10;100.00;100.00;16.30;0.00
2016;11;17;00;00;11.79;75.42;1018.15;1.20;0.00;60.95;2010.51;18.34;245.34;14.37;10.15;84.00;67.00;1023.00;1012.50;100.00;0.30;29.12;10.64
2016;11;18;00;00;11.85;70.33;1010.31;2.50;0.00;83.45;1789.79;23.10;239.64;15.96;7.50;83.00;57.00;1014.10;1006.20;100.00;3.90;37.67;6.13
2016;11;19;00;00;7.34;77.33;1014.60;4.30;0.00;75.78;1570.85;11.41;205.87;8.93;5.06;93.00;61.00;1017.00;1013.40;100.00;4.20;25.76;4.39
2016;11;20;00;00;6.96;72.42;1010.07;0.00;0.00;49.74;2218.77;17.76;143.24;14.54;0.53;96.00;39.00;1013.90;1006.60;100.00;1.50;32.04;9.79
2016;11;21;00;00;9.18;74.83;1007.09;0.00;0.00;100.00;340.87;11.88;117.37;12.77;3.61;95.00;60.00;1009.60;1003.70;100.00;100.00;15.63;7.10
2016;11;22;00;00;10.43;83.04;1013.13;0.00;0.00;96.29;992.35;6.79;191.28;14.42;7.89;94.00;71.00;1017.40;1006.10;100.00;43.00;16.62;1.61
2016;11;23;00;00;11.19;82.12;1018.78;0.10;0.00;77.86;1636.71;5.82;190.90;15.56;9.00;96.00;69.00;1021.70;1016.60;100.00;7.20;10.51;1.44
2016;11;24;00;00;8.43;88.46;1017.69;0.00;0.00;50.00;1557.50;4.43;235.36;10.90;5.82;98.00;77.00;1019.30;1016.30;100.00;2.40;8.56;0.72
2016;11;25;00;00;6.76;87.96;1017.87;1.50;0.00;100.00;1162.34;5.23;245.03;8.14;5.02;97.00;78.00;1021.00;1016.00;100.00;100.00;7.90;2.28
2016;11;26;00;00;8.57;82.79;1021.52;0.80;0.00;67.98;1540.59;4.44;134.37;11.50;6.53;94.00;69.00;1024.80;1018.70;100.00;0.00;7.70;1.14
2016;11;27;00;00;7.28;81.75;1021.20;0.00;0.00;82.58;1378.61;7.14;204.70;9.54;4.47;95.00;68.00;1023.50;1018.50;100.00;6.00;14.33;1.84
2016;11;28;00;00;2.77;56.17;1025.90;0.00;0.00;17.33;2068.36;20.74;80.19;5.96;-0.01;75.00;37.00;1030.00;1022.40;100.00;0.00;28.64;12.31
2016;11;29;00;00;0.85;55.08;1033.47;0.00;0.00;0.00;2022.08;11.79;130.34;4.35;-1.16;66.00;43.00;1037.30;1029.70;0.00;0.00;25.22;1.08
2016;11;30;00;00;2.57;71.04;1037.85;0.00;0.00;1.34;1944.65;6.46;150.76;7.20;-1.15;81.00;61.00;1040.40;1035.90;19.00;0.00;13.48;1.44
2016;12;01;00;00;4.01;59.58;1033.80;0.00;0.00;2.35;1947.32;4.71;216.78;7.60;1.51;77.00;38.00;1038.10;1029.00;13.00;0.00;8.43;0.80
2016;12;02;00;00;2.70;68.46;1027.58;0.00;0.00;1.39;1940.20;3.46;175.18;5.89;0.01;92.00;43.00;1030.30;1024.50;5.70;0.00;6.99;0.00
2016;12;03;00;00;1.83;81.17;1025.82;0.00;0.00;24.42;1894.81;6.43;124.51;7.31;-0.64;96.00;56.00;1028.60;1022.80;100.00;0.00;14.78;0.00
2016;12;04;00;00;1.73;74.62;1028.87;0.00;0.00;4.21;1864.55;12.29;116.13;6.39;-0.36;82.00;60.00;1030.90;1026.60;27.00;0.00;16.92;7.42
2016;12;05;00;00;2.68;77.71;1031.10;0.00;0.00;0.00;1838.74;9.75;108.99;7.97;-1.40;92.00;65.00;1033.50;1028.00;0.00;0.00;12.41;6.48
2016;12;06;00;00;4.15;78.08;1033.82;0.00;0.00;1.12;1880.57;4.99;117.31;9.16;1.26;88.00;60.00;1036.20;1031.40;6.00;0.00;7.29;0.51
2016;12;07;00;00;3.78;76.96;1036.99;0.00;0.00;17.86;1883.24;4.25;128.93;8.80;0.65;97.00;49.00;1039.00;1033.70;100.00;0.00;9.36;0.00
2016;12;08;00;00;5.98;52.71;1037.00;0.00;0.00;11.31;1892.14;6.68;109.50;9.99;2.55;68.00;35.00;1039.30;1034.70;77.00;0.00;8.85;3.32
2016;12;09;00;00;7.00;52.21;1034.34;0.00;0.00;34.81;1673.20;5.84;120.11;9.41;5.31;69.00;41.00;1036.70;1031.40;100.00;0.00;7.63;3.42
2016;12;10;00;00;6.89;60.62;1028.90;0.00;0.00;2.25;1789.79;4.98;138.64;8.82;4.74;71.00;54.00;1031.40;1027.10;54.00;0.00;7.56;1.02
2016;12;11;00;00;4.67;70.21;1025.95;0.00;0.00;33.47;1120.51;7.84;207.12;7.96;3.28;91.00;54.00;1027.50;1024.90;100.00;0.00;12.31;2.90
2016;12;12;00;00;3.81;83.75;1027.79;0.00;0.00;67.45;1680.32;7.67;161.75;7.18;1.77;94.00;72.00;1029.20;1026.80;100.00;1.20;11.18;0.36
2016;12;13;00;00;4.24;78.17;1028.00;0.00;0.00;29.41;1628.70;6.22;112.52;8.20;1.35;86.00;65.00;1029.80;1026.60;100.00;0.00;10.74;3.98
2016;12;14;00;00;5.05;70.96;1026.42;0.00;0.00;3.92;1723.93;8.14;111.39;8.52;3.17;82.00;53.00;1027.60;1024.50;40.00;0.00;9.96;6.12
2016;12;15;00;00;3.97;66.17;1026.79;0.00;0.00;1.44;1784.45;8.09;112.91;8.45;1.66;83.00;51.00;1028.80;1024.60;5.70;0.00;12.18;6.15
2016;12;16;00;00;2.72;77.71;1029.42;0.00;0.00;10.40;1800.47;13.79;111.06;7.60;0.18;94.00;61.00;1035.70;1026.00;28.00;4.20;21.60;5.96
2016;12;17;00;00;4.20;70.54;1038.74;0.00;0.00;51.62;1634.93;4.54;146.93;8.49;-0.31;97.00;61.00;1041.10;1035.50;100.00;6.00;6.61;1.14
2016;12;18;00;00;3.83;77.88;1038.58;0.00;0.00;61.46;1690.11;4.74;273.72;5.92;1.64;89.00;67.00;1041.80;1034.00;100.00;0.00;9.59;0.51
2016;12;19;00;00;2.33;81.96;1028.49;0.00;0.00;65.62;1613.57;6.42;141.93;6.80;-0.67;95.00;57.00;1033.40;1024.50;100.00;0.00;17.41;2.04
2016;12;20;00;00;1.28;80.62;1026.41;0.00;0.00;27.03;1779.11;4.88;228.93;6.32;-2.43;95.00;63.00;1028.50;1024.00;100.00;0.00;11.97;0.36
2016;12;21;00;00;3.52;74.12;1032.18;0.00;0.00;8.87;1717.70;3.45;180.06;6.20;1.21;85.00;61.00;1036.30;1028.40;83.00;0.00;7.57;0.51
2016;12;22;00;00;5.35;74.46;1034.98;0.10;0.00;27.68;1729.27;5.39;139.43;8.49;2.00;81.00;64.00;1037.00;1032.70;100.00;0.00;8.83;2.52
2016;12;23;00;00;6.66;86.92;1037.79;0.80;0.00;87.70;1096.48;3.42;214.39;7.99;5.05;96.00;74.00;1041.30;1034.90;100.00;0.60;7.90;0.51
2016;12;24;00;00;7.50;80.83;1035.90;0.20;0.00;87.50;1157.00;11.01;242.35;11.08;4.86;89.00;69.00;1037.50;1032.50;100.00;6.90;26.80;0.51
2016;12;25;00;00;7.86;72.08;1036.48;0.00;0.00;71.83;1120.51;13.57;260.96;10.78;6.08;88.00;55.00;1038.70;1032.80;100.00;0.00;20.52;5.15
2016;12;26;00;00;8.52;80.50;1036.07;0.50;0.00;84.38;1382.17;12.35;250.79;11.88;6.42;92.00;67.00;1040.20;1033.10;100.00;0.00;21.96;5.96
2016;12;27;00;00;3.24;83.08;1045.82;0.00;0.00;21.20;1757.75;3.98;225.33;5.80;-0.07;98.00;72.00;1049.00;1040.50;100.00;0.00;7.42;0.36
2016;12;28;00;00;2.06;82.67;1047.10;0.00;0.00;0.00;1770.21;3.90;102.83;6.31;-0.47;93.00;70.00;1049.90;1043.60;0.00;0.00;7.42;0.80
2016;12;29;00;00;1.25;81.75;1042.40;0.00;0.00;2.54;1792.46;7.12;183.15;4.06;-0.66;92.00;73.00;1045.40;1038.60;15.00;0.00;12.24;3.26
2016;12;30;00;00;1.52;83.08;1042.21;0.00;0.00;0.00;1793.35;6.32;112.79;5.11;-1.42;93.00;72.00;1045.00;1039.20;0.00;0.00;10.88;2.41
2016;12;31;00;00;3.01;65.38;1037.77;0.00;0.00;0.00;1806.70;5.49;118.41;5.01;1.80;80.00;51.00;1041.10;1033.00;0.00;0.00;8.23;3.76